"MSA","Year","gdp"
"Abilene, TX","2013","6,922"
"Akron, OH","2013","31,308"
"Albany, GA","2013","5,247"
"Albany, OR","2013","3,559"
"Albany-Schenectady-Troy, NY","2013","47,094"
"Albuquerque, NM","2013","37,897"
"Alexandria, LA","2013","5,486"
"Allentown-Bethlehem-Easton, PA-NJ","2013","35,624"
"Altoona, PA","2013","4,928"
"Amarillo, TX","2013","12,442"
"Ames, IA","2013","4,429"
"Anchorage, AK","2013","31,030"
"Ann Arbor, MI","2013","20,260"
"Anniston-Oxford-Jacksonville, AL","2013","3,690"
"Appleton, WI","2013","10,801"
"Asheville, NC","2013","15,280"
"Athens-Clarke County, GA","2013","7,364"
"Atlanta-Sandy Springs-Roswell, GA","2013","3,07,750"
"Atlantic City-Hammonton, NJ","2013","12,770"
"Auburn-Opelika, AL","2013","4,328"
"Augusta-Richmond County, GA-SC","2013","21,155"
"Austin-Round Rock, TX","2013","1,11,720"
"Bakersfield, CA","2013","38,009"
"Baltimore-Columbia-Towson, MD","2013","1,67,270"
"Bangor, ME","2013","5,455"
"Barnstable Town, MA","2013","9,964"
"Baton Rouge, LA","2013","48,362"
"Battle Creek, MI","2013","5,588"
"Bay City, MI","2013","3,157"
"Beaumont-Port Arthur, TX","2013","23,734"
"Beckley, WV","2013","4,236"
"Bellingham, WA","2013","10,047"
"Bend-Redmond, OR","2013","6,882"
"Billings, MT","2013","8,959"
"Binghamton, NY","2013","9,119"
"Birmingham-Hoover, AL","2013","57,699"
"Bismarck, ND","2013","6,863"
"Blacksburg-Christiansburg-Radford, VA","2013","6,335"
"Bloomington, IL","2013","11,249"
"Bloomington, IN","2013","6,192"
"Bloomsburg-Berwick, PA","2013","3,604"
"Boise City, ID","2013","27,715"
"Boston-Cambridge-Newton, MA-NH","2013","3,64,804"
"Boulder, CO","2013","20,969"
"Bowling Green, KY","2013","6,284"
"Bremerton-Silverdale, WA","2013","9,448"
"Bridgeport-Stamford-Norwalk, CT","2013","92,545"
"Brownsville-Harlingen, TX","2013","9,366"
"Brunswick, GA","2013","3,504"
"Buffalo-Cheektowaga-Niagara Falls, NY","2013","52,474"
"Burlington, NC","2013","4,892"
"Burlington-South Burlington, VT","2013","12,337"
"California-Lexington Park, MD","2013","5,823"
"Canton-Massillon, OH","2013","15,987"
"Cape Coral-Fort Myers, FL","2013","21,858"
"Cape Girardeau, MO-IL","2013","3,884"
"Carbondale-Marion, IL","2013","4,782"
"Carson City, NV","2013","3,219"
"Casper, WY","2013","6,755"
"Cedar Rapids, IA","2013","16,395"
"Chambersburg-Waynesboro, PA","2013","4,948"
"Champaign-Urbana, IL","2013","11,096"
"Charleston, WV","2013","13,231"
"Charleston-North Charleston, SC","2013","32,720"
"Charlotte-Concord-Gastonia, NC-SC","2013","1,36,399"
"Charlottesville, VA","2013","11,116"
"Chattanooga, TN-GA","2013","23,143"
"Cheyenne, WY","2013","5,533"
"Chicago-Naperville-Elgin, IL-IN-WI","2013","5,85,948"
"Chico, CA","2013","7,048"
"Cincinnati, OH-KY-IN","2013","1,20,413"
"Clarksville, TN-KY","2013","10,413"
"Cleveland, TN","2013","3,912"
"Cleveland-Elyria, OH","2013","1,18,335"
"Coeur d'Alene, ID","2013","4,845"
"College Station-Bryan, TX","2013","8,723"
"Colorado Springs, CO","2013","28,791"
"Columbia, MO","2013","8,128"
"Columbia, SC","2013","34,762"
"Columbus, GA-AL","2013","13,369"
"Columbus, IN","2013","5,169"
"Columbus, OH","2013","1,13,236"
"Corpus Christi, TX","2013","24,254"
"Corvallis, OR","2013","4,413"
"Crestview-Fort Walton Beach-Destin, FL","2013","11,289"
"Cumberland, MD-WV","2013","3,001"
"Dallas-Fort Worth-Arlington, TX","2013","4,48,178"
"Dalton, GA","2013","5,490"
"Danville, IL","2013","2,868"
"Daphne-Fairhope-Foley, AL","2013","6,443"
"Davenport-Moline-Rock Island, IA-IL","2013","19,031"
"Dayton, OH","2013","36,999"
"Decatur, AL","2013","5,366"
"Decatur, IL","2013","5,822"
"Deltona-Daytona Beach-Ormond Beach, FL","2013","15,145"
"Denver-Aurora-Lakewood, CO","2013","1,73,016"
"Des Moines-West Des Moines, IA","2013","42,304"
"Detroit-Warren-Dearborn, MI","2013","2,20,277"
"Dothan, AL","2013","4,819"
"Dover, DE","2013","6,314"
"Dubuque, IA","2013","4,979"
"Duluth, MN-WI","2013","12,465"
"Durham-Chapel Hill, NC","2013","41,803"
"East Stroudsburg, PA","2013","5,581"
"Eau Claire, WI","2013","7,194"
"El Centro, CA","2013","5,770"
"Elizabethtown-Fort Knox, KY","2013","5,951"
"Elkhart-Goshen, IN","2013","11,784"
"Elmira, NY","2013","3,357"
"El Paso, TX","2013","26,582"
"Enid, OK","2013","3,256"
"Erie, PA","2013","10,862"
"Eugene, OR","2013","13,289"
"Evansville, IN-KY","2013","17,081"
"Fairbanks, AK","2013","5,178"
"Fargo, ND-MN","2013","13,282"
"Farmington, NM","2013","7,077"
"Fayetteville, NC","2013","17,094"
"Fayetteville-Springdale-Rogers, AR-MO","2013","22,415"
"Flagstaff, AZ","2013","5,201"
"Flint, MI","2013","12,369"
"Florence, SC","2013","7,709"
"Florence-Muscle Shoals, AL","2013","4,502"
"Fond du Lac, WI","2013","4,243"
"Fort Collins, CO","2013","14,114"
"Fort Smith, AR-OK","2013","10,097"
"Fort Wayne, IN","2013","18,795"
"Fresno, CA","2013","36,140"
"Gadsden, AL","2013","2,652"
"Gainesville, FL","2013","11,746"
"Gainesville, GA","2013","7,185"
"Gettysburg, PA","2013","2,919"
"Glens Falls, NY","2013","4,643"
"Goldsboro, NC","2013","4,330"
"Grand Forks, ND-MN","2013","4,912"
"Grand Island, NE","2013","4,041"
"Grand Junction, CO","2013","5,179"
"Grand Rapids-Wyoming, MI","2013","49,187"
"Grants Pass, OR","2013","1,948"
"Great Falls, MT","2013","3,102"
"Greeley, CO","2013","9,332"
"Green Bay, WI","2013","16,652"
"Greensboro-High Point, NC","2013","36,567"
"Greenville, NC","2013","7,320"
"Greenville-Anderson-Mauldin, SC","2013","34,669"
"Gulfport-Biloxi-Pascagoula, MS","2013","16,445"
"Hagerstown-Martinsburg, MD-WV","2013","8,846"
"Hammond, LA","2013","3,651"
"Hanford-Corcoran, CA","2013","4,907"
"Harrisburg-Carlisle, PA","2013","32,544"
"Harrisonburg, VA","2013","7,340"
"Hartford-West Hartford-East Hartford, CT","2013","82,699"
"Hattiesburg, MS","2013","5,316"
"Hickory-Lenoir-Morganton, NC","2013","11,867"
"Hilton Head Island-Bluffton-Beaufort, SC","2013","7,783"
"Hinesville, GA","2013","3,593"
"Homosassa Springs, FL","2013","3,087"
"Hot Springs, AR","2013","2,869"
"Houma-Thibodaux, LA","2013","11,528"
"Houston-The Woodlands-Sugar Land, TX","2013","4,88,430"
"Huntington-Ashland, WV-KY-OH","2013","14,853"
"Huntsville, AL","2013","22,534"
"Idaho Falls, ID","2013","5,522"
"Indianapolis-Carmel-Anderson, IN","2013","1,23,565"
"Iowa City, IA","2013","9,020"
"Ithaca, NY","2013","4,778"
"Jackson, MI","2013","5,801"
"Jackson, MS","2013","27,332"
"Jackson, TN","2013","5,788"
"Jacksonville, FL","2013","62,166"
"Jacksonville, NC","2013","7,859"
"Janesville-Beloit, WI","2013","5,816"
"Jefferson City, MO","2013","6,744"
"Johnson City, TN","2013","6,279"
"Johnstown, PA","2013","4,211"
"Jonesboro, AR","2013","4,781"
"Joplin, MO","2013","6,744"
"Kahului-Wailuku-Lahaina, HI","2013","7,658"
"Kalamazoo-Portage, MI","2013","14,003"
"Kankakee, IL","2013","3,743"
"Kansas City, MO-KS","2013","1,15,711"
"Kennewick-Richland, WA","2013","11,503"
"Killeen-Temple, TX","2013","15,981"
"Kingsport-Bristol-Bristol, TN-VA","2013","12,063"
"Kingston, NY","2013","5,610"
"Knoxville, TN","2013","34,875"
"Kokomo, IN","2013","4,078"
"La Crosse-Onalaska, WI-MN","2013","6,458"
"Lafayette, LA","2013","26,920"
"Lafayette-West Lafayette, IN","2013","9,093"
"Lake Charles, LA","2013","13,497"
"Lake Havasu City-Kingman, AZ","2013","3,879"
"Lakeland-Winter Haven, FL","2013","18,449"
"Lancaster, PA","2013","24,026"
"Lansing-East Lansing, MI","2013","19,315"
"Laredo, TX","2013","7,775"
"Las Cruces, NM","2013","6,292"
"Las Vegas-Henderson-Paradise, NV","2013","90,426"
"Lawrence, KS","2013","3,895"
"Lawton, OK","2013","4,775"
"Lebanon, PA","2013","4,612"
"Lewiston, ID-WA","2013","2,171"
"Lewiston-Auburn, ME","2013","3,702"
"Lexington-Fayette, KY","2013","25,241"
"Lima, OH","2013","5,576"
"Lincoln, NE","2013","17,332"
"Little Rock-North Little Rock-Conway, AR","2013","35,050"
"Logan, UT-ID","2013","4,205"
"Longview, TX","2013","11,292"
"Longview, WA","2013","3,801"
"Los Angeles-Long Beach-Anaheim, CA","2013","8,52,034"
"Louisville/Jefferson County, KY-IN","2013","62,910"
"Lubbock, TX","2013","12,254"
"Lynchburg, VA","2013","8,882"
"Macon, GA","2013","8,642"
"Madera, CA","2013","4,896"
"Madison, WI","2013","40,558"
"Manchester-Nashua, NH","2013","23,504"
"Manhattan, KS","2013","3,205"
"Mankato-North Mankato, MN","2013","4,738"
"Mansfield, OH","2013","4,120"
"McAllen-Edinburg-Mission, TX","2013","17,593"
"Medford, OR","2013","6,842"
"Memphis, TN-MS-AR","2013","65,875"
"Merced, CA","2013","7,691"
"Miami-Fort Lauderdale-West Palm Beach, FL","2013","2,68,198"
"Michigan City-La Porte, IN","2013","3,922"
"Midland, MI","2013","4,083"
"Midland, TX","2013","33,428"
"Milwaukee-Waukesha-West Allis, WI","2013","96,994"
"Minneapolis-St. Paul-Bloomington, MN-WI","2013","2,20,938"
"Missoula, MT","2013","4,597"
"Mobile, AL","2013","17,553"
"Modesto, CA","2013","17,189"
"Monroe, LA","2013","6,693"
"Monroe, MI","2013","4,527"
"Montgomery, AL","2013","15,995"
"Morgantown, WV","2013","6,758"
"Morristown, TN","2013","3,714"
"Mount Vernon-Anacortes, WA","2013","5,517"
"Muncie, IN","2013","3,673"
"Muskegon, MI","2013","5,257"
"Myrtle Beach-Conway-North Myrtle Beach, SC-NC","2013","14,658"
"Napa, CA","2013","8,822"
"Naples-Immokalee-Marco Island, FL","2013","13,977"
"Nashville-Davidson--Murfreesboro--Franklin, TN","2013","1,01,188"
"New Bern, NC","2013","4,723"
"New Haven-Milford, CT","2013","40,896"
"New Orleans-Metairie, LA","2013","72,811"
"New York-Newark-Jersey City, NY-NJ-PA","2013","14,77,043"
"Niles-Benton Harbor, MI","2013","6,181"
"North Port-Sarasota-Bradenton, FL","2013","24,476"
"Norwich-New London, CT","2013","14,465"
"Ocala, FL","2013","7,065"
"Ocean City, NJ","2013","4,748"
"Odessa, TX","2013","11,106"
"Ogden-Clearfield, UT","2013","21,647"
"Oklahoma City, OK","2013","67,693"
"Olympia-Tumwater, WA","2013","10,005"
"Omaha-Council Bluffs, NE-IA","2013","53,631"
"Orlando-Kissimmee-Sanford, FL","2013","1,15,249"
"Oshkosh-Neenah, WI","2013","9,007"
"Owensboro, KY","2013","5,240"
"Oxnard-Thousand Oaks-Ventura, CA","2013","47,637"
"Palm Bay-Melbourne-Titusville, FL","2013","18,194"
"Panama City, FL","2013","7,605"
"Parkersburg-Vienna, WV","2013","3,898"
"Pensacola-Ferry Pass-Brent, FL","2013","15,844"
"Peoria, IL","2013","19,768"
"Philadelphia-Camden-Wilmington, PA-NJ-DE-MD","2013","3,89,787"
"Phoenix-Mesa-Scottsdale, AZ","2013","1,99,871"
"Pine Bluff, AR","2013","3,173"
"Pittsburgh, PA","2013","1,26,824"
"Pittsfield, MA","2013","6,196"
"Pocatello, ID","2013","2,454"
"Portland-South Portland, ME","2013","27,120"
"Portland-Vancouver-Hillsboro, OR-WA","2013","1,43,130"
"Port St. Lucie, FL","2013","11,619"
"Prescott, AZ","2013","5,024"
"Providence-Warwick, RI-MA","2013","72,338"
"Provo-Orem, UT","2013","17,948"
"Pueblo, CO","2013","4,416"
"Punta Gorda, FL","2013","3,301"
"Racine, WI","2013","7,535"
"Raleigh, NC","2013","64,534"
"Rapid City, SD","2013","5,917"
"Reading, PA","2013","16,533"
"Redding, CA","2013","5,259"
"Reno, NV","2013","20,804"
"Richmond, VA","2013","69,831"
"Riverside-San Bernardino-Ontario, CA","2013","1,27,771"
"Roanoke, VA","2013","14,090"
"Rochester, MN","2013","10,658"
"Rochester, NY","2013","53,141"
"Rockford, IL","2013","13,723"
"Rocky Mount, NC","2013","6,033"
"Rome, GA","2013","3,496"
"Sacramento--Roseville--Arden-Arcade, CA","2013","1,04,463"
"Saginaw, MI","2013","7,644"
"St. Cloud, MN","2013","8,539"
"St. George, UT","2013","3,955"
"St. Joseph, MO-KS","2013","5,610"
"St. Louis, MO-IL","2013","1,46,336"
"Salem, OR","2013","13,132"
"Salinas, CA","2013","20,560"
"Salisbury, MD-DE","2013","15,130"
"Salt Lake City, UT","2013","71,636"
"San Angelo, TX","2013","4,828"
"San Antonio-New Braunfels, TX","2013","1,01,348"
"San Diego-Carlsbad, CA","2013","1,98,312"
"San Francisco-Oakland-Hayward, CA","2013","3,85,451"
"San Jose-Sunnyvale-Santa Clara, CA","2013","1,93,716"
"San Luis Obispo-Paso Robles-Arroyo Grande, CA","2013","13,095"
"Santa Cruz-Watsonville, CA","2013","11,711"
"Santa Fe, NM","2013","6,974"
"Santa Maria-Santa Barbara, CA","2013","22,908"
"Santa Rosa, CA","2013","22,890"
"Savannah, GA","2013","15,304"
"Scranton--Wilkes-Barre--Hazleton, PA","2013","21,871"
"Seattle-Tacoma-Bellevue, WA","2013","2,80,291"
"Sebastian-Vero Beach, FL","2013","4,418"
"Sebring, FL","2013","1,975"
"Sheboygan, WI","2013","5,513"
"Sherman-Denison, TX","2013","3,977"
"Shreveport-Bossier City, LA","2013","21,696"
"Sierra Vista-Douglas, AZ","2013","3,968"
"Sioux City, IA-NE-SD","2013","8,696"
"Sioux Falls, SD","2013","15,919"
"South Bend-Mishawaka, IN-MI","2013","12,408"
"Spartanburg, SC","2013","12,547"
"Spokane-Spokane Valley, WA","2013","21,555"
"Springfield, IL","2013","9,391"
"Springfield, MA","2013","24,689"
"Springfield, MO","2013","16,529"
"Springfield, OH","2013","4,095"
"State College, PA","2013","7,837"
"Staunton-Waynesboro, VA","2013","4,558"
"Stockton-Lodi, CA","2013","22,692"
"Sumter, SC","2013","3,522"
"Syracuse, NY","2013","30,428"
"Tallahassee, FL","2013","14,145"
"Tampa-St. Petersburg-Clearwater, FL","2013","1,25,706"
"Terre Haute, IN","2013","6,418"
"Texarkana, TX-AR","2013","4,877"
"The Villages, FL","2013","2,146"
"Toledo, OH","2013","30,542"
"Topeka, KS","2013","9,819"
"Trenton, NJ","2013","28,719"
"Tucson, AZ","2013","36,147"
"Tulsa, OK","2013","62,959"
"Tuscaloosa, AL","2013","11,211"
"Twin Falls, ID","2013","3,650"
"Tyler, TX","2013","15,001"
"Urban Honolulu, HI","2013","57,315"
"Utica-Rome, NY","2013","10,309"
"Valdosta, GA","2013","4,529"
"Vallejo-Fairfield, CA","2013","19,670"
"Victoria, TX","2013","5,416"
"Vineland-Bridgeton, NJ","2013","5,281"
"Virginia Beach-Norfolk-Newport News, VA-NC","2013","85,414"
"Visalia-Porterville, CA","2013","14,186"
"Waco, TX","2013","10,295"
"Walla Walla, WA","2013","2,695"
"Warner Robins, GA","2013","6,538"
"Washington-Arlington-Alexandria, DC-VA-MD-WV","2013","4,59,268"
"Waterloo-Cedar Falls, IA","2013","8,601"
"Watertown-Fort Drum, NY","2013","6,384"
"Wausau, WI","2013","6,791"
"Weirton-Steubenville, WV-OH","2013","4,001"
"Wenatchee, WA","2013","4,161"
"Wheeling, WV-OH","2013","6,912"
"Wichita, KS","2013","28,700"
"Wichita Falls, TX","2013","7,708"
"Williamsport, PA","2013","4,942"
"Wilmington, NC","2013","11,885"
"Winchester, VA-WV","2013","5,697"
"Winston-Salem, NC","2013","25,129"
"Worcester, MA-CT","2013","37,400"
"Yakima, WA","2013","8,737"
"York-Hanover, PA","2013","17,025"
"Youngstown-Warren-Boardman, OH-PA","2013","18,870"
"Yuba City, CA","2013","5,223"
"Yuma, AZ","2013","6,005"
"Abilene, TX","2014","7,436"
"Akron, OH","2014","33,445"
"Albany, GA","2014","5,180"
"Albany, OR","2014","3,632"
"Albany-Schenectady-Troy, NY","2014","48,563"
"Albuquerque, NM","2014","39,815"
"Alexandria, LA","2014","5,594"
"Allentown-Bethlehem-Easton, PA-NJ","2014","39,109"
"Altoona, PA","2014","5,094"
"Amarillo, TX","2014","12,904"
"Ames, IA","2014","4,599"
"Anchorage, AK","2014","30,205"
"Ann Arbor, MI","2014","20,177"
"Anniston-Oxford-Jacksonville, AL","2014","3,730"
"Appleton, WI","2014","11,374"
"Asheville, NC","2014","16,230"
"Athens-Clarke County, GA","2014","7,684"
"Atlanta-Sandy Springs-Roswell, GA","2014","3,26,502"
"Atlantic City-Hammonton, NJ","2014","12,770"
"Auburn-Opelika, AL","2014","4,603"
"Augusta-Richmond County, GA-SC","2014","22,122"
"Austin-Round Rock, TX","2014","1,19,572"
"Bakersfield, CA","2014","39,533"
"Baltimore-Columbia-Towson, MD","2014","1,73,073"
"Bangor, ME","2014","5,562"
"Barnstable Town, MA","2014","10,192"
"Baton Rouge, LA","2014","51,027"
"Battle Creek, MI","2014","5,624"
"Bay City, MI","2014","3,094"
"Beaumont-Port Arthur, TX","2014","24,503"
"Beckley, WV","2014","4,224"
"Bellingham, WA","2014","9,619"
"Bend-Redmond, OR","2014","7,584"
"Billings, MT","2014","10,035"
"Binghamton, NY","2014","9,095"
"Birmingham-Hoover, AL","2014","58,972"
"Bismarck, ND","2014","7,680"
"Blacksburg-Christiansburg-Radford, VA","2014","6,651"
"Bloomington, IL","2014","11,674"
"Bloomington, IN","2014","6,392"
"Bloomsburg-Berwick, PA","2014","3,594"
"Boise City, ID","2014","29,103"
"Boston-Cambridge-Newton, MA-NH","2014","3,80,769"
"Boulder, CO","2014","22,363"
"Bowling Green, KY","2014","6,472"
"Bremerton-Silverdale, WA","2014","10,003"
"Bridgeport-Stamford-Norwalk, CT","2014","95,656"
"Brownsville-Harlingen, TX","2014","9,650"
"Brunswick, GA","2014","3,572"
"Buffalo-Cheektowaga-Niagara Falls, NY","2014","54,410"
"Burlington, NC","2014","4,884"
"Burlington-South Burlington, VT","2014","12,696"
"California-Lexington Park, MD","2014","5,952"
"Canton-Massillon, OH","2014","16,896"
"Cape Coral-Fort Myers, FL","2014","23,596"
"Cape Girardeau, MO-IL","2014","4,005"
"Carbondale-Marion, IL","2014","4,855"
"Carson City, NV","2014","3,305"
"Casper, WY","2014","7,230"
"Cedar Rapids, IA","2014","16,988"
"Chambersburg-Waynesboro, PA","2014","5,119"
"Champaign-Urbana, IL","2014","11,334"
"Charleston, WV","2014","12,541"
"Charleston-North Charleston, SC","2014","34,750"
"Charlotte-Concord-Gastonia, NC-SC","2014","1,43,367"
"Charlottesville, VA","2014","11,798"
"Chattanooga, TN-GA","2014","23,582"
"Cheyenne, WY","2014","5,487"
"Chicago-Naperville-Elgin, IL-IN-WI","2014","6,08,805"
"Chico, CA","2014","7,043"
"Cincinnati, OH-KY-IN","2014","1,23,356"
"Clarksville, TN-KY","2014","10,460"
"Cleveland, TN","2014","4,116"
"Cleveland-Elyria, OH","2014","1,23,856"
"Coeur d'Alene, ID","2014","5,040"
"College Station-Bryan, TX","2014","9,309"
"Colorado Springs, CO","2014","28,779"
"Columbia, MO","2014","8,340"
"Columbia, SC","2014","36,816"
"Columbus, GA-AL","2014","13,492"
"Columbus, IN","2014","5,416"
"Columbus, OH","2014","1,18,391"
"Corpus Christi, TX","2014","24,268"
"Corvallis, OR","2014","4,355"
"Crestview-Fort Walton Beach-Destin, FL","2014","12,298"
"Cumberland, MD-WV","2014","3,049"
"Dallas-Fort Worth-Arlington, TX","2014","4,75,929"
"Dalton, GA","2014","5,916"
"Danville, IL","2014","2,844"
"Daphne-Fairhope-Foley, AL","2014","6,719"
"Davenport-Moline-Rock Island, IA-IL","2014","19,099"
"Dayton, OH","2014","38,409"
"Decatur, AL","2014","5,507"
"Decatur, IL","2014","6,157"
"Deltona-Daytona Beach-Ormond Beach, FL","2014","15,420"
"Denver-Aurora-Lakewood, CO","2014","1,86,345"
"Des Moines-West Des Moines, IA","2014","45,299"
"Detroit-Warren-Dearborn, MI","2014","2,29,348"
"Dothan, AL","2014","4,903"
"Dover, DE","2014","6,642"
"Dubuque, IA","2014","5,284"
"Duluth, MN-WI","2014","12,913"
"Durham-Chapel Hill, NC","2014","43,310"
"East Stroudsburg, PA","2014","5,552"
"Eau Claire, WI","2014","7,556"
"El Centro, CA","2014","5,563"
"Elizabethtown-Fort Knox, KY","2014","6,013"
"Elkhart-Goshen, IN","2014","12,992"
"Elmira, NY","2014","3,391"
"El Paso, TX","2014","26,725"
"Enid, OK","2014","3,479"
"Erie, PA","2014","10,880"
"Eugene, OR","2014","13,622"
"Evansville, IN-KY","2014","17,059"
"Fairbanks, AK","2014","5,339"
"Fargo, ND-MN","2014","14,355"
"Farmington, NM","2014","7,355"
"Fayetteville, NC","2014","16,867"
"Fayetteville-Springdale-Rogers, AR-MO","2014","23,799"
"Flagstaff, AZ","2014","5,302"
"Flint, MI","2014","12,575"
"Florence, SC","2014","7,888"
"Florence-Muscle Shoals, AL","2014","4,673"
"Fond du Lac, WI","2014","4,486"
"Fort Collins, CO","2014","14,315"
"Fort Smith, AR-OK","2014","10,362"
"Fort Wayne, IN","2014","19,544"
"Fresno, CA","2014","37,447"
"Gadsden, AL","2014","2,715"
"Gainesville, FL","2014","11,603"
"Gainesville, GA","2014","7,828"
"Gettysburg, PA","2014","3,034"
"Glens Falls, NY","2014","4,794"
"Goldsboro, NC","2014","4,381"
"Grand Forks, ND-MN","2014","4,975"
"Grand Island, NE","2014","4,068"
"Grand Junction, CO","2014","5,374"
"Grand Rapids-Wyoming, MI","2014","52,319"
"Grants Pass, OR","2014","2,062"
"Great Falls, MT","2014","3,294"
"Greeley, CO","2014","10,921"
"Green Bay, WI","2014","17,123"
"Greensboro-High Point, NC","2014","38,229"
"Greenville, NC","2014","7,482"
"Greenville-Anderson-Mauldin, SC","2014","36,520"
"Gulfport-Biloxi-Pascagoula, MS","2014","16,333"
"Hagerstown-Martinsburg, MD-WV","2014","9,253"
"Hammond, LA","2014","3,845"
"Hanford-Corcoran, CA","2014","5,258"
"Harrisburg-Carlisle, PA","2014","33,547"
"Harrisonburg, VA","2014","7,506"
"Hartford-West Hartford-East Hartford, CT","2014","83,416"
"Hattiesburg, MS","2014","5,505"
"Hickory-Lenoir-Morganton, NC","2014","12,259"
"Hilton Head Island-Bluffton-Beaufort, SC","2014","8,269"
"Hinesville, GA","2014","3,465"
"Homosassa Springs, FL","2014","2,972"
"Hot Springs, AR","2014","2,922"
"Houma-Thibodaux, LA","2014","11,610"
"Houston-The Woodlands-Sugar Land, TX","2014","5,07,183"
"Huntington-Ashland, WV-KY-OH","2014","15,050"
"Huntsville, AL","2014","23,332"
"Idaho Falls, ID","2014","5,718"
"Indianapolis-Carmel-Anderson, IN","2014","1,27,667"
"Iowa City, IA","2014","9,537"
"Ithaca, NY","2014","4,841"
"Jackson, MI","2014","5,729"
"Jackson, MS","2014","28,258"
"Jackson, TN","2014","5,755"
"Jacksonville, FL","2014","64,001"
"Jacksonville, NC","2014","7,831"
"Janesville-Beloit, WI","2014","5,726"
"Jefferson City, MO","2014","6,926"
"Johnson City, TN","2014","6,310"
"Johnstown, PA","2014","4,245"
"Jonesboro, AR","2014","4,778"
"Joplin, MO","2014","6,837"
"Kahului-Wailuku-Lahaina, HI","2014","8,005"
"Kalamazoo-Portage, MI","2014","14,450"
"Kankakee, IL","2014","3,828"
"Kansas City, MO-KS","2014","1,20,758"
"Kennewick-Richland, WA","2014","11,714"
"Killeen-Temple, TX","2014","16,104"
"Kingsport-Bristol-Bristol, TN-VA","2014","11,601"
"Kingston, NY","2014","5,665"
"Knoxville, TN","2014","36,366"
"Kokomo, IN","2014","4,289"
"La Crosse-Onalaska, WI-MN","2014","6,648"
"Lafayette, LA","2014","26,426"
"Lafayette-West Lafayette, IN","2014","9,429"
"Lake Charles, LA","2014","15,053"
"Lake Havasu City-Kingman, AZ","2014","4,013"
"Lakeland-Winter Haven, FL","2014","18,592"
"Lancaster, PA","2014","25,381"
"Lansing-East Lansing, MI","2014","20,009"
"Laredo, TX","2014","7,989"
"Las Cruces, NM","2014","6,520"
"Las Vegas-Henderson-Paradise, NV","2014","93,742"
"Lawrence, KS","2014","3,997"
"Lawton, OK","2014","4,863"
"Lebanon, PA","2014","4,662"
"Lewiston, ID-WA","2014","2,178"
"Lewiston-Auburn, ME","2014","3,849"
"Lexington-Fayette, KY","2014","26,014"
"Lima, OH","2014","6,053"
"Lincoln, NE","2014","18,174"
"Little Rock-North Little Rock-Conway, AR","2014","36,156"
"Logan, UT-ID","2014","4,443"
"Longview, TX","2014","11,622"
"Longview, WA","2014","3,910"
"Los Angeles-Long Beach-Anaheim, CA","2014","9,01,980"
"Louisville/Jefferson County, KY-IN","2014","68,316"
"Lubbock, TX","2014","12,393"
"Lynchburg, VA","2014","9,057"
"Macon, GA","2014","9,189"
"Madera, CA","2014","5,244"
"Madison, WI","2014","41,460"
"Manchester-Nashua, NH","2014","24,316"
"Manhattan, KS","2014","3,291"
"Mankato-North Mankato, MN","2014","5,023"
"Mansfield, OH","2014","4,286"
"McAllen-Edinburg-Mission, TX","2014","18,486"
"Medford, OR","2014","7,204"
"Memphis, TN-MS-AR","2014","66,910"
"Merced, CA","2014","8,176"
"Miami-Fort Lauderdale-West Palm Beach, FL","2014","2,92,308"
"Michigan City-La Porte, IN","2014","3,903"
"Midland, MI","2014","4,758"
"Midland, TX","2014","36,932"
"Milwaukee-Waukesha-West Allis, WI","2014","1,00,051"
"Minneapolis-St. Paul-Bloomington, MN-WI","2014","2,32,416"
"Missoula, MT","2014","4,685"
"Mobile, AL","2014","17,967"
"Modesto, CA","2014","18,409"
"Monroe, LA","2014","6,803"
"Monroe, MI","2014","4,589"
"Montgomery, AL","2014","16,177"
"Morgantown, WV","2014","7,069"
"Morristown, TN","2014","3,874"
"Mount Vernon-Anacortes, WA","2014","5,574"
"Muncie, IN","2014","3,692"
"Muskegon, MI","2014","5,479"
"Myrtle Beach-Conway-North Myrtle Beach, SC-NC","2014","15,277"
"Napa, CA","2014","9,547"
"Naples-Immokalee-Marco Island, FL","2014","15,284"
"Nashville-Davidson--Murfreesboro--Franklin, TN","2014","1,07,932"
"New Bern, NC","2014","4,773"
"New Haven-Milford, CT","2014","41,161"
"New Orleans-Metairie, LA","2014","76,309"
"New York-Newark-Jersey City, NY-NJ-PA","2014","15,42,763"
"Niles-Benton Harbor, MI","2014","6,430"
"North Port-Sarasota-Bradenton, FL","2014","26,264"
"Norwich-New London, CT","2014","14,212"
"Ocala, FL","2014","7,477"
"Ocean City, NJ","2014","4,964"
"Odessa, TX","2014","11,857"
"Ogden-Clearfield, UT","2014","22,504"
"Oklahoma City, OK","2014","69,406"
"Olympia-Tumwater, WA","2014","10,290"
"Omaha-Council Bluffs, NE-IA","2014","57,554"
"Orlando-Kissimmee-Sanford, FL","2014","1,15,309"
"Oshkosh-Neenah, WI","2014","9,323"
"Owensboro, KY","2014","5,359"
"Oxnard-Thousand Oaks-Ventura, CA","2014","48,734"
"Palm Bay-Melbourne-Titusville, FL","2014","18,620"
"Panama City, FL","2014","7,893"
"Parkersburg-Vienna, WV","2014","4,525"
"Pensacola-Ferry Pass-Brent, FL","2014","16,030"
"Peoria, IL","2014","20,208"
"Philadelphia-Camden-Wilmington, PA-NJ-DE-MD","2014","4,00,621"
"Phoenix-Mesa-Scottsdale, AZ","2014","2,09,596"
"Pine Bluff, AR","2014","3,086"
"Pittsburgh, PA","2014","1,33,691"
"Pittsfield, MA","2014","6,356"
"Pocatello, ID","2014","2,499"
"Portland-South Portland, ME","2014","28,244"
"Portland-Vancouver-Hillsboro, OR-WA","2014","1,48,029"
"Port St. Lucie, FL","2014","12,004"
"Prescott, AZ","2014","5,300"
"Providence-Warwick, RI-MA","2014","74,614"
"Provo-Orem, UT","2014","19,121"
"Pueblo, CO","2014","4,632"
"Punta Gorda, FL","2014","3,594"
"Racine, WI","2014","7,656"
"Raleigh, NC","2014","69,056"
"Rapid City, SD","2014","6,214"
"Reading, PA","2014","17,975"
"Redding, CA","2014","5,571"
"Reno, NV","2014","22,224"
"Richmond, VA","2014","72,157"
"Riverside-San Bernardino-Ontario, CA","2014","1,33,909"
"Roanoke, VA","2014","14,349"
"Rochester, MN","2014","10,926"
"Rochester, NY","2014","52,637"
"Rockford, IL","2014","14,250"
"Rocky Mount, NC","2014","6,006"
"Rome, GA","2014","3,599"
"Sacramento--Roseville--Arden-Arcade, CA","2014","1,09,223"
"Saginaw, MI","2014","7,756"
"St. Cloud, MN","2014","9,090"
"St. George, UT","2014","4,239"
"St. Joseph, MO-KS","2014","5,462"
"St. Louis, MO-IL","2014","1,50,667"
"Salem, OR","2014","14,070"
"Salinas, CA","2014","20,927"
"Salisbury, MD-DE","2014","16,266"
"Salt Lake City, UT","2014","75,214"
"San Angelo, TX","2014","5,416"
"San Antonio-New Braunfels, TX","2014","1,10,313"
"San Diego-Carlsbad, CA","2014","2,04,915"
"San Francisco-Oakland-Hayward, CA","2014","4,13,026"
"San Jose-Sunnyvale-Santa Clara, CA","2014","2,10,690"
"San Luis Obispo-Paso Robles-Arroyo Grande, CA","2014","13,412"
"Santa Cruz-Watsonville, CA","2014","12,238"
"Santa Fe, NM","2014","6,734"
"Santa Maria-Santa Barbara, CA","2014","23,631"
"Santa Rosa, CA","2014","24,357"
"Savannah, GA","2014","16,197"
"Scranton--Wilkes-Barre--Hazleton, PA","2014","21,813"
"Seattle-Tacoma-Bellevue, WA","2014","2,96,028"
"Sebastian-Vero Beach, FL","2014","4,816"
"Sebring, FL","2014","1,904"
"Sheboygan, WI","2014","5,691"
"Sherman-Denison, TX","2014","3,995"
"Shreveport-Bossier City, LA","2014","22,262"
"Sierra Vista-Douglas, AZ","2014","3,847"
"Sioux City, IA-NE-SD","2014","8,814"
"Sioux Falls, SD","2014","16,836"
"South Bend-Mishawaka, IN-MI","2014","12,882"
"Spartanburg, SC","2014","13,346"
"Spokane-Spokane Valley, WA","2014","22,520"
"Springfield, IL","2014","9,773"
"Springfield, MA","2014","25,222"
"Springfield, MO","2014","17,113"
"Springfield, OH","2014","4,199"
"State College, PA","2014","8,327"
"Staunton-Waynesboro, VA","2014","4,708"
"Stockton-Lodi, CA","2014","23,268"
"Sumter, SC","2014","3,604"
"Syracuse, NY","2014","31,210"
"Tallahassee, FL","2014","14,434"
"Tampa-St. Petersburg-Clearwater, FL","2014","1,27,963"
"Terre Haute, IN","2014","6,327"
"Texarkana, TX-AR","2014","4,936"
"The Villages, FL","2014","2,319"
"Toledo, OH","2014","33,457"
"Topeka, KS","2014","10,034"
"Trenton, NJ","2014","28,991"
"Tucson, AZ","2014","36,381"
"Tulsa, OK","2014","69,596"
"Tuscaloosa, AL","2014","11,070"
"Twin Falls, ID","2014","3,838"
"Tyler, TX","2014","15,527"
"Urban Honolulu, HI","2014","58,955"
"Utica-Rome, NY","2014","10,300"
"Valdosta, GA","2014","4,646"
"Vallejo-Fairfield, CA","2014","20,181"
"Victoria, TX","2014","5,592"
"Vineland-Bridgeton, NJ","2014","5,459"
"Virginia Beach-Norfolk-Newport News, VA-NC","2014","87,088"
"Visalia-Porterville, CA","2014","15,238"
"Waco, TX","2014","10,752"
"Walla Walla, WA","2014","2,643"
"Warner Robins, GA","2014","6,679"
"Washington-Arlington-Alexandria, DC-VA-MD-WV","2014","4,71,254"
"Waterloo-Cedar Falls, IA","2014","9,060"
"Watertown-Fort Drum, NY","2014","6,320"
"Wausau, WI","2014","7,155"
"Weirton-Steubenville, WV-OH","2014","4,319"
"Wenatchee, WA","2014","4,307"
"Wheeling, WV-OH","2014","7,365"
"Wichita, KS","2014","30,166"
"Wichita Falls, TX","2014","7,162"
"Williamsport, PA","2014","5,248"
"Wilmington, NC","2014","12,762"
"Winchester, VA-WV","2014","5,884"
"Winston-Salem, NC","2014","27,179"
"Worcester, MA-CT","2014","38,151"
"Yakima, WA","2014","9,000"
"York-Hanover, PA","2014","17,274"
"Youngstown-Warren-Boardman, OH-PA","2014","19,515"
"Yuba City, CA","2014","5,369"
"Yuma, AZ","2014","5,887"
"Abilene, TX","2015","6,863"
"Akron, OH","2015","35,125"
"Albany, GA","2015","5,133"
"Albany, OR","2015","3,805"
"Albany-Schenectady-Troy, NY","2015","51,433"
"Albuquerque, NM","2015","41,539"
"Alexandria, LA","2015","5,759"
"Allentown-Bethlehem-Easton, PA-NJ","2015","41,647"
"Altoona, PA","2015","5,291"
"Amarillo, TX","2015","12,968"
"Ames, IA","2015","4,985"
"Anchorage, AK","2015","28,069"
"Ann Arbor, MI","2015","21,715"
"Anniston-Oxford-Jacksonville, AL","2015","3,738"
"Appleton, WI","2015","12,205"
"Asheville, NC","2015","17,742"
"Athens-Clarke County, GA","2015","8,433"
"Atlanta-Sandy Springs-Roswell, GA","2015","3,47,604"
"Atlantic City-Hammonton, NJ","2015","12,544"
"Auburn-Opelika, AL","2015","4,865"
"Augusta-Richmond County, GA-SC","2015","23,274"
"Austin-Round Rock, TX","2015","1,27,804"
"Bakersfield, CA","2015","36,807"
"Baltimore-Columbia-Towson, MD","2015","1,78,895"
"Bangor, ME","2015","5,753"
"Barnstable Town, MA","2015","10,766"
"Baton Rouge, LA","2015","51,980"
"Battle Creek, MI","2015","5,860"
"Bay City, MI","2015","3,188"
"Beaumont-Port Arthur, TX","2015","25,053"
"Beckley, WV","2015","4,033"
"Bellingham, WA","2015","10,224"
"Bend-Redmond, OR","2015","8,421"
"Billings, MT","2015","10,104"
"Binghamton, NY","2015","9,250"
"Birmingham-Hoover, AL","2015","61,259"
"Bismarck, ND","2015","8,135"
"Blacksburg-Christiansburg-Radford, VA","2015","6,991"
"Bloomington, IL","2015","12,053"
"Bloomington, IN","2015","6,651"
"Bloomsburg-Berwick, PA","2015","3,880"
"Boise City, ID","2015","30,155"
"Boston-Cambridge-Newton, MA-NH","2015","4,07,675"
"Boulder, CO","2015","23,508"
"Bowling Green, KY","2015","6,758"
"Bremerton-Silverdale, WA","2015","10,364"
"Bridgeport-Stamford-Norwalk, CT","2015","96,896"
"Brownsville-Harlingen, TX","2015","9,897"
"Brunswick, GA","2015","3,805"
"Buffalo-Cheektowaga-Niagara Falls, NY","2015","56,815"
"Burlington, NC","2015","4,961"
"Burlington-South Burlington, VT","2015","13,142"
"California-Lexington Park, MD","2015","6,152"
"Canton-Massillon, OH","2015","16,840"
"Cape Coral-Fort Myers, FL","2015","25,821"
"Cape Girardeau, MO-IL","2015","4,186"
"Carbondale-Marion, IL","2015","4,967"
"Carson City, NV","2015","3,051"
"Casper, WY","2015","6,501"
"Cedar Rapids, IA","2015","18,139"
"Chambersburg-Waynesboro, PA","2015","5,230"
"Champaign-Urbana, IL","2015","11,677"
"Charleston, WV","2015","12,732"
"Charleston-North Charleston, SC","2015","36,980"
"Charlotte-Concord-Gastonia, NC-SC","2015","1,55,592"
"Charlottesville, VA","2015","12,567"
"Chattanooga, TN-GA","2015","24,965"
"Cheyenne, WY","2015","5,676"
"Chicago-Naperville-Elgin, IL-IN-WI","2015","6,39,033"
"Chico, CA","2015","7,558"
"Cincinnati, OH-KY-IN","2015","1,27,587"
"Clarksville, TN-KY","2015","10,700"
"Cleveland, TN","2015","4,293"
"Cleveland-Elyria, OH","2015","1,28,887"
"Coeur d'Alene, ID","2015","5,400"
"College Station-Bryan, TX","2015","9,698"
"Colorado Springs, CO","2015","30,077"
"Columbia, MO","2015","8,658"
"Columbia, SC","2015","39,312"
"Columbus, GA-AL","2015","13,762"
"Columbus, IN","2015","5,731"
"Columbus, OH","2015","1,26,021"
"Corpus Christi, TX","2015","22,813"
"Corvallis, OR","2015","4,316"
"Crestview-Fort Walton Beach-Destin, FL","2015","13,202"
"Cumberland, MD-WV","2015","3,120"
"Dallas-Fort Worth-Arlington, TX","2015","4,91,879"
"Dalton, GA","2015","6,210"
"Danville, IL","2015","2,842"
"Daphne-Fairhope-Foley, AL","2015","6,643"
"Davenport-Moline-Rock Island, IA-IL","2015","19,161"
"Dayton, OH","2015","39,346"
"Decatur, AL","2015","5,175"
"Decatur, IL","2015","6,261"
"Deltona-Daytona Beach-Ormond Beach, FL","2015","16,177"
"Denver-Aurora-Lakewood, CO","2015","1,92,499"
"Des Moines-West Des Moines, IA","2015","50,853"
"Detroit-Warren-Dearborn, MI","2015","2,42,296"
"Dothan, AL","2015","4,987"
"Dover, DE","2015","6,918"
"Dubuque, IA","2015","5,656"
"Duluth, MN-WI","2015","11,692"
"Durham-Chapel Hill, NC","2015","43,667"
"East Stroudsburg, PA","2015","5,816"
"Eau Claire, WI","2015","8,077"
"El Centro, CA","2015","5,918"
"Elizabethtown-Fort Knox, KY","2015","5,851"
"Elkhart-Goshen, IN","2015","14,298"
"Elmira, NY","2015","3,411"
"El Paso, TX","2015","27,867"
"Enid, OK","2015","3,446"
"Erie, PA","2015","11,155"
"Eugene, OR","2015","14,696"
"Evansville, IN-KY","2015","17,105"
"Fairbanks, AK","2015","5,323"
"Fargo, ND-MN","2015","14,961"
"Farmington, NM","2015","6,299"
"Fayetteville, NC","2015","16,981"
"Fayetteville-Springdale-Rogers, AR-MO","2015","25,437"
"Flagstaff, AZ","2015","5,563"
"Flint, MI","2015","13,228"
"Florence, SC","2015","8,201"
"Florence-Muscle Shoals, AL","2015","4,804"
"Fond du Lac, WI","2015","4,696"
"Fort Collins, CO","2015","15,086"
"Fort Smith, AR-OK","2015","9,968"
"Fort Wayne, IN","2015","20,735"
"Fresno, CA","2015","39,663"
"Gadsden, AL","2015","2,850"
"Gainesville, FL","2015","11,959"
"Gainesville, GA","2015","8,660"
"Gettysburg, PA","2015","3,125"
"Glens Falls, NY","2015","4,929"
"Goldsboro, NC","2015","4,448"
"Grand Forks, ND-MN","2015","5,230"
"Grand Island, NE","2015","4,225"
"Grand Junction, CO","2015","5,293"
"Grand Rapids-Wyoming, MI","2015","56,275"
"Grants Pass, OR","2015","2,242"
"Great Falls, MT","2015","3,414"
"Greeley, CO","2015","11,373"
"Green Bay, WI","2015","18,336"
"Greensboro-High Point, NC","2015","40,228"
"Greenville, NC","2015","7,735"
"Greenville-Anderson-Mauldin, SC","2015","39,122"
"Gulfport-Biloxi-Pascagoula, MS","2015","16,487"
"Hagerstown-Martinsburg, MD-WV","2015","9,398"
"Hammond, LA","2015","3,736"
"Hanford-Corcoran, CA","2015","5,090"
"Harrisburg-Carlisle, PA","2015","35,209"
"Harrisonburg, VA","2015","7,901"
"Hartford-West Hartford-East Hartford, CT","2015","88,387"
"Hattiesburg, MS","2015","5,768"
"Hickory-Lenoir-Morganton, NC","2015","13,121"
"Hilton Head Island-Bluffton-Beaufort, SC","2015","8,645"
"Hinesville, GA","2015","3,435"
"Homosassa Springs, FL","2015","3,045"
"Hot Springs, AR","2015","3,028"
"Houma-Thibodaux, LA","2015","10,699"
"Houston-The Woodlands-Sugar Land, TX","2015","4,94,837"
"Huntington-Ashland, WV-KY-OH","2015","14,746"
"Huntsville, AL","2015","24,153"
"Idaho Falls, ID","2015","6,192"
"Indianapolis-Carmel-Anderson, IN","2015","1,30,825"
"Iowa City, IA","2015","9,786"
"Ithaca, NY","2015","4,968"
"Jackson, MI","2015","5,929"
"Jackson, MS","2015","28,842"
"Jackson, TN","2015","5,900"
"Jacksonville, FL","2015","68,810"
"Jacksonville, NC","2015","7,728"
"Janesville-Beloit, WI","2015","6,065"
"Jefferson City, MO","2015","7,129"
"Johnson City, TN","2015","6,691"
"Johnstown, PA","2015","4,221"
"Jonesboro, AR","2015","4,966"
"Joplin, MO","2015","7,228"
"Kahului-Wailuku-Lahaina, HI","2015","8,520"
"Kalamazoo-Portage, MI","2015","15,714"
"Kankakee, IL","2015","4,181"
"Kansas City, MO-KS","2015","1,25,765"
"Kennewick-Richland, WA","2015","12,642"
"Killeen-Temple, TX","2015","16,883"
"Kingsport-Bristol-Bristol, TN-VA","2015","11,687"
"Kingston, NY","2015","5,918"
"Knoxville, TN","2015","38,343"
"Kokomo, IN","2015","4,612"
"La Crosse-Onalaska, WI-MN","2015","6,981"
"Lafayette, LA","2015","23,776"
"Lafayette-West Lafayette, IN","2015","9,741"
"Lake Charles, LA","2015","15,784"
"Lake Havasu City-Kingman, AZ","2015","4,055"
"Lakeland-Winter Haven, FL","2015","19,611"
"Lancaster, PA","2015","27,577"
"Lansing-East Lansing, MI","2015","20,997"
"Laredo, TX","2015","8,015"
"Las Cruces, NM","2015","6,789"
"Las Vegas-Henderson-Paradise, NV","2015","1,03,734"
"Lawrence, KS","2015","4,249"
"Lawton, OK","2015","5,063"
"Lebanon, PA","2015","4,836"
"Lewiston, ID-WA","2015","2,312"
"Lewiston-Auburn, ME","2015","3,947"
"Lexington-Fayette, KY","2015","27,704"
"Lima, OH","2015","5,493"
"Lincoln, NE","2015","19,076"
"Little Rock-North Little Rock-Conway, AR","2015","37,284"
"Logan, UT-ID","2015","4,824"
"Longview, TX","2015","10,545"
"Longview, WA","2015","4,023"
"Los Angeles-Long Beach-Anaheim, CA","2015","9,67,100"
"Louisville/Jefferson County, KY-IN","2015","71,699"
"Lubbock, TX","2015","12,935"
"Lynchburg, VA","2015","9,288"
"Macon, GA","2015","9,388"
"Madera, CA","2015","5,262"
"Madison, WI","2015","45,660"
"Manchester-Nashua, NH","2015","26,135"
"Manhattan, KS","2015","3,484"
"Mankato-North Mankato, MN","2015","5,049"
"Mansfield, OH","2015","4,297"
"McAllen-Edinburg-Mission, TX","2015","19,102"
"Medford, OR","2015","7,673"
"Memphis, TN-MS-AR","2015","69,318"
"Merced, CA","2015","8,008"
"Miami-Fort Lauderdale-West Palm Beach, FL","2015","3,15,624"
"Michigan City-La Porte, IN","2015","3,763"
"Midland, MI","2015","5,359"
"Midland, TX","2015","26,119"
"Milwaukee-Waukesha-West Allis, WI","2015","99,343"
"Minneapolis-St. Paul-Bloomington, MN-WI","2015","2,42,053"
"Missoula, MT","2015","5,044"
"Mobile, AL","2015","18,520"
"Modesto, CA","2015","19,377"
"Monroe, LA","2015","7,433"
"Monroe, MI","2015","4,652"
"Montgomery, AL","2015","16,778"
"Morgantown, WV","2015","7,461"
"Morristown, TN","2015","4,131"
"Mount Vernon-Anacortes, WA","2015","6,068"
"Muncie, IN","2015","3,761"
"Muskegon, MI","2015","5,640"
"Myrtle Beach-Conway-North Myrtle Beach, SC-NC","2015","16,064"
"Napa, CA","2015","10,485"
"Naples-Immokalee-Marco Island, FL","2015","16,791"
"Nashville-Davidson--Murfreesboro--Franklin, TN","2015","1,18,024"
"New Bern, NC","2015","4,884"
"New Haven-Milford, CT","2015","42,503"
"New Orleans-Metairie, LA","2015","78,820"
"New York-Newark-Jersey City, NY-NJ-PA","2015","16,18,366"
"Niles-Benton Harbor, MI","2015","6,601"
"North Port-Sarasota-Bradenton, FL","2015","28,613"
"Norwich-New London, CT","2015","14,995"
"Ocala, FL","2015","7,875"
"Ocean City, NJ","2015","4,963"
"Odessa, TX","2015","10,065"
"Ogden-Clearfield, UT","2015","24,003"
"Oklahoma City, OK","2015","72,253"
"Olympia-Tumwater, WA","2015","10,909"
"Omaha-Council Bluffs, NE-IA","2015","61,444"
"Orlando-Kissimmee-Sanford, FL","2015","1,23,054"
"Oshkosh-Neenah, WI","2015","9,858"
"Owensboro, KY","2015","5,494"
"Oxnard-Thousand Oaks-Ventura, CA","2015","49,729"
"Palm Bay-Melbourne-Titusville, FL","2015","19,783"
"Panama City, FL","2015","8,189"
"Parkersburg-Vienna, WV","2015","4,178"
"Pensacola-Ferry Pass-Brent, FL","2015","16,913"
"Peoria, IL","2015","19,821"
"Philadelphia-Camden-Wilmington, PA-NJ-DE-MD","2015","4,18,605"
"Phoenix-Mesa-Scottsdale, AZ","2015","2,21,570"
"Pine Bluff, AR","2015","2,954"
"Pittsburgh, PA","2015","1,36,684"
"Pittsfield, MA","2015","6,685"
"Pocatello, ID","2015","2,602"
"Portland-South Portland, ME","2015","29,647"
"Portland-Vancouver-Hillsboro, OR-WA","2015","1,56,869"
"Port St. Lucie, FL","2015","12,849"
"Prescott, AZ","2015","5,485"
"Providence-Warwick, RI-MA","2015","78,520"
"Provo-Orem, UT","2015","21,843"
"Pueblo, CO","2015","4,796"
"Punta Gorda, FL","2015","3,942"
"Racine, WI","2015","7,917"
"Raleigh, NC","2015","75,777"
"Rapid City, SD","2015","6,331"
"Reading, PA","2015","18,889"
"Redding, CA","2015","5,930"
"Reno, NV","2015","23,359"
"Richmond, VA","2015","76,875"
"Riverside-San Bernardino-Ontario, CA","2015","1,44,079"
"Roanoke, VA","2015","15,099"
"Rochester, MN","2015","11,366"
"Rochester, NY","2015","54,854"
"Rockford, IL","2015","14,612"
"Rocky Mount, NC","2015","6,274"
"Rome, GA","2015","3,729"
"Sacramento--Roseville--Arden-Arcade, CA","2015","1,16,189"
"Saginaw, MI","2015","7,882"
"St. Cloud, MN","2015","9,311"
"St. George, UT","2015","4,673"
"St. Joseph, MO-KS","2015","5,362"
"St. Louis, MO-IL","2015","1,55,377"
"Salem, OR","2015","15,336"
"Salinas, CA","2015","22,508"
"Salisbury, MD-DE","2015","17,897"
"Salt Lake City, UT","2015","80,644"
"San Angelo, TX","2015","5,154"
"San Antonio-New Braunfels, TX","2015","1,15,020"
"San Diego-Carlsbad, CA","2015","2,11,807"
"San Francisco-Oakland-Hayward, CA","2015","4,45,124"
"San Jose-Sunnyvale-Santa Clara, CA","2015","2,37,832"
"San Luis Obispo-Paso Robles-Arroyo Grande, CA","2015","14,222"
"Santa Cruz-Watsonville, CA","2015","12,846"
"Santa Fe, NM","2015","6,955"
"Santa Maria-Santa Barbara, CA","2015","25,208"
"Santa Rosa, CA","2015","26,531"
"Savannah, GA","2015","17,053"
"Scranton--Wilkes-Barre--Hazleton, PA","2015","22,769"
"Seattle-Tacoma-Bellevue, WA","2015","3,17,153"
"Sebastian-Vero Beach, FL","2015","5,222"
"Sebring, FL","2015","1,990"
"Sheboygan, WI","2015","6,008"
"Sherman-Denison, TX","2015","4,179"
"Shreveport-Bossier City, LA","2015","21,581"
"Sierra Vista-Douglas, AZ","2015","3,877"
"Sioux City, IA-NE-SD","2015","9,504"
"Sioux Falls, SD","2015","17,930"
"South Bend-Mishawaka, IN-MI","2015","13,583"
"Spartanburg, SC","2015","14,303"
"Spokane-Spokane Valley, WA","2015","23,549"
"Springfield, IL","2015","9,985"
"Springfield, MA","2015","26,616"
"Springfield, MO","2015","18,213"
"Springfield, OH","2015","4,270"
"State College, PA","2015","8,465"
"Staunton-Waynesboro, VA","2015","4,931"
"Stockton-Lodi, CA","2015","24,960"
"Sumter, SC","2015","3,669"
"Syracuse, NY","2015","32,271"
"Tallahassee, FL","2015","14,830"
"Tampa-St. Petersburg-Clearwater, FL","2015","1,35,569"
"Terre Haute, IN","2015","6,215"
"Texarkana, TX-AR","2015","5,167"
"The Villages, FL","2015","2,428"
"Toledo, OH","2015","32,670"
"Topeka, KS","2015","10,119"
"Trenton, NJ","2015","29,491"
"Tucson, AZ","2015","36,481"
"Tulsa, OK","2015","60,543"
"Tuscaloosa, AL","2015","11,205"
"Twin Falls, ID","2015","3,901"
"Tyler, TX","2015","14,049"
"Urban Honolulu, HI","2015","62,943"
"Utica-Rome, NY","2015","10,568"
"Valdosta, GA","2015","4,780"
"Vallejo-Fairfield, CA","2015","20,009"
"Victoria, TX","2015","5,171"
"Vineland-Bridgeton, NJ","2015","5,655"
"Virginia Beach-Norfolk-Newport News, VA-NC","2015","91,725"
"Visalia-Porterville, CA","2015","14,948"
"Waco, TX","2015","11,308"
"Walla Walla, WA","2015","2,751"
"Warner Robins, GA","2015","6,840"
"Washington-Arlington-Alexandria, DC-VA-MD-WV","2015","4,91,779"
"Waterloo-Cedar Falls, IA","2015","9,361"
"Watertown-Fort Drum, NY","2015","6,166"
"Wausau, WI","2015","7,656"
"Weirton-Steubenville, WV-OH","2015","4,094"
"Wenatchee, WA","2015","4,586"
"Wheeling, WV-OH","2015","7,212"
"Wichita, KS","2015","32,081"
"Wichita Falls, TX","2015","6,425"
"Williamsport, PA","2015","4,956"
"Wilmington, NC","2015","13,484"
"Winchester, VA-WV","2015","6,294"
"Winston-Salem, NC","2015","28,677"
"Worcester, MA-CT","2015","40,311"
"Yakima, WA","2015","9,072"
"York-Hanover, PA","2015","17,964"
"Youngstown-Warren-Boardman, OH-PA","2015","19,806"
"Yuba City, CA","2015","5,544"
"Yuma, AZ","2015","6,357"
